Interview Id,Status
702127796635,Consider
613490569071,Consider
759998772623,Consider
391760082113,Consider
941599210196,Consider
378921015301,Consider
187779297703,Consider
832859286713,Consider
163655844401,Consider
894723739575,Consider
958255519784,Consider
73797860075,Consider
499891782173,Consider
631172369237,Consider
495072967437,Consider
143010516133,Consider
700345409616,Consider
804154320555,Consider
421394028028,Consider
341890418095,Consider
806838029670,Consider
260574627617,Consider
98477277587,Consider
996322390520,Consider
926400011023,Consider
96056703183,Consider
735611801889,Consider
868934048502,Consider
818071127052,Consider
915737046498,Consider
345728750490,Consider
301553504346,Consider
479995805628,Consider
880396519526,Consider
622770653095,Consider
841932224042,Consider
303615942580,Consider
67866002767,Consider
24906649088,Consider
449612583651,Consider
647897156686,Consider
223589044543,Consider
961939257504,Consider
372889081985,Consider
878907228293,Consider
674420455679,Consider
5757017431,Consider
442133621506,Consider
18697832840,Consider
36184083582,Consider
469443934524,Consider
834324304031,Consider
152324134300,Consider
358208995999,Consider
533665648562,Consider
329438569831,Consider
652968957645,Consider
517008317904,Consider
338209164058,Consider
701441185038,Consider
102521781123,Consider
996460231973,Consider
102061258247,Consider
164918249936,Consider
508594787692,Consider
673296397415,Consider
387168659340,Consider
732978376019,Consider
48841745062,Consider
864397505172,Consider
79029997732,Consider
932862997294,Consider
109577967532,Consider
686342118202,Consider
521528741670,Consider
572777295590,Consider
828082212542,Consider
727849171334,Consider
513922740448,Consider
156774470339,Consider
696594974558,Consider
142200698366,Consider
554664842868,Consider
104095821969,Consider
40909218845,Consider
529425953334,Consider
799736253486,Consider
145189341558,Consider
347583662808,Consider
396973899562,Consider
692432546188,Consider
138700177752,Consider
481190524398,Consider
562796281044,Consider
117049517420,Consider
82046710476,Consider
806643402772,Consider
596208493631,Consider
230674594993,Consider
272765522728,Consider
111532716995,Consider
279591117750,Consider
835296566050,Consider
418630113246,Consider
9529823033,Consider
117940157001,Consider
266704810546,Consider
991617129680,Consider
198303502928,Consider
123469344363,Consider
297156819079,Consider
274115513976,Consider
544024792389,Consider
458913284813,Consider
475550296089,Consider
355343068228,Consider
469419946742,Consider
35875178724,Consider
661844584777,Consider
801756428171,Consider
533463178885,Consider
833508695676,Consider
251733323017,Consider
847309653268,Consider
408184108517,Consider
528018559690,Consider
733078534263,Consider
727737690061,Consider
681697747120,Consider
4909666856,Consider
767373881454,Consider
217611112039,Consider
46447277967,Consider
463610055261,Consider
947512727621,Consider
519728634248,Consider
467783126764,Consider
118038382560,Consider
747394387899,Consider
403484450722,Consider
870384157413,Consider
946881440486,Consider
949410164834,Consider
892167598304,Consider
728660325397,Consider
553793421391,Consider
12607599303,Consider
858721041636,Consider
702157991739,Consider
960422960526,Consider
427340508807,Consider
605308285778,Consider
118123009182,Consider
74119866444,Consider
91469114477,Consider
874105815089,Consider
670758258167,Consider
647369013217,Consider
138682767205,Consider
765059784502,Consider
180346674310,Consider
777443163292,Consider
451275772967,Consider
720915867526,Consider
635291787303,Consider
382463110029,Consider
297714409002,Consider
80651338448,Consider
26262297814,Consider
633997869777,Consider
149590892723,Consider
699509049648,Consider
674008905927,Consider
26533305878,Consider
753068335780,Consider
787152811187,Consider
851055076576,Consider
620582966727,Consider
956678021755,Consider
425034398296,Consider
502345584752,Consider
8909932731,Consider
630338595070,Consider
189882676828,Consider
781070327438,Consider
724274359425,Consider
249724152576,Consider
932295281258,Consider
933262980452,Consider
132315955714,Consider
365616382434,Consider
37734260430,Consider
788407105077,Consider
334626425221,Consider
229633664824,Consider
431796634505,Consider
743165586146,Consider
244762270968,Consider
305737376043,Consider
182451758264,Consider
661481141158,Consider
793893348870,Consider
261174429163,Consider
799007511180,Consider
556679342392,Consider
172978152215,Consider
301021779090,Consider
230887214421,Consider
269838205339,Consider
124801899827,Consider
387257226096,Consider
128870344200,Consider
613570602515,Consider
561908964079,Consider
966288404364,Consider
147269648867,Consider
611499439467,Consider
205406624035,Consider
318129562596,Consider
937587851240,Consider
531087818381,Consider
514811833443,Consider
535923721830,Consider
12517744411,Consider
381119325971,Consider
910558933086,Consider
446265464901,Consider
843719125497,Consider
425006505199,Consider
178480703976,Consider
488787538838,Consider
397627131207,Consider
47238162151,Consider
989520996237,Consider
687732233498,Consider
810616071978,Consider
2659314190,Consider
668132143105,Consider
368736181625,Consider
58163758231,Consider
676909947247,Consider
699256119321,Consider
200815448068,Consider
282231382552,Consider
491232077183,Consider
976482976396,Consider
476544765794,Consider
906894293499,Consider
995986935600,Consider
462926523477,Consider
282683692723,Consider
794329351032,Consider
514607242201,Consider
761551081361,Consider
359009416989,Consider
471585139300,Consider
423342276850,Consider
73129961896,Consider
994873909319,Consider
893130818420,Consider
282036033469,Consider
157710497618,Consider
271011290198,Consider
295001101096,Consider
67311914549,Consider
209406258845,Consider
318378841708,Consider
443423348408,Consider
701920225942,Consider
4532401484,Consider
36322779538,Consider
984134990874,Consider
922636813958,Consider
289545246428,Consider
889117903432,Consider
658168094610,Consider
283985337138,Consider
137942677246,Consider
982938132020,Consider
865699509075,Consider
756187055470,Consider
924227086487,Consider
614572417597,Consider
431634452193,Consider
943125940136,Consider
638227893956,Consider
878708834799,Consider
454912380416,Consider
419748961294,Consider
494526445657,Consider
722366762613,Consider
808093709504,Consider
68204729152,Consider
179420472156,Consider
43065728644,Consider
194606557123,Consider
578156247948,Consider
621811741948,Consider
41576543909,Consider
668103246840,Consider
469086347019,Consider
874594707813,Consider
60608626901,Consider
171695995484,Consider
91047035305,Consider
549570476358,Consider
567545094311,Consider
964412088183,Consider
65187479340,Consider
261604430421,Consider
772344908412,Consider
768028901219,Consider
536527101229,Consider
706692337312,Consider
610989460485,Consider
89519420105,Consider
428824068162,Consider
323794104118,Consider
470358318130,Consider
452659329543,Consider
615021577632,Consider
971740741232,Consider
82177274958,Consider
206917114627,Consider
546637485231,Consider
690214022093,Consider
471689108638,Consider
172568491527,Consider
421595648355,Consider
407744847211,Consider
710955589174,Consider
628047669063,Consider
412380122777,Consider
409871365905,Consider
497206957462,Consider
48867032619,Consider
825025766690,Consider
487042344025,Consider
253413059658,Consider
567008651813,Consider
314342532477,Consider
944548085453,Consider
531257756135,Consider
335509567868,Consider
441902601164,Consider
75705099611,Consider
985956704288,Consider
855035014956,Consider
930702697206,Consider
274716931624,Consider
87865564353,Consider
847552478947,Consider
944047085823,Consider
697078530024,Consider
37584419588,Consider
446790519081,Consider
596078858405,Consider
263086828341,Consider
59271041225,Consider
315986786507,Consider
687520537777,Consider
843965787090,Consider
361134543109,Consider
800499385339,Consider
352567459711,Consider
670308953280,Consider
572587475622,Consider
376176559067,Consider
901510419409,Consider
358988538191,Consider
394293748654,Consider
463949636212,Consider
648546906972,Consider
467374721441,Consider
530355854261,Consider
146934828433,Consider
925372700558,Consider
152654893482,Consider
711144491362,Consider
448399262348,Consider
798528936256,Consider
339236854562,Consider
760779903280,Consider
607267823029,Consider
232112256521,Consider
778666484972,Consider
215033193558,Consider
222416401265,Consider
567338401745,Consider
524184857231,Consider
953422877214,Consider
227818975041,Consider
226582622247,Consider
635995260211,Consider
673540604434,Consider
407684866469,Consider
491903103749,Consider
383506254050,Consider
806146725648,Consider
564043833139,Consider
56686069213,Consider
817261719336,Consider
646335308423,Consider
508806339420,Consider
803934595386,Consider
345964528719,Consider
59075225201,Consider
768147165302,Consider
925855466878,Consider
872945568005,Consider
106691912170,Consider
259130272330,Consider
66781416822,Consider
121625290758,Consider
341362578830,Consider
226813659199,Consider
645099170903,Consider
10960224397,Consider
307454966927,Consider
414643015396,Consider
889735896765,Consider
329561990722,Consider
6547974865,Consider
781763154452,Consider
412890169064,Consider
501122324183,Consider
692229910405,Consider
77947059990,Consider
333075888150,Consider
933971927312,Consider
382278241083,Consider
240161866415,Consider
61180630165,Consider
304047400859,Consider
902582435087,Consider
884362172167,Consider
867122570267,Consider
133234575038,Consider
110179168176,Consider
131920975353,Consider
255823198669,Consider
194003295126,Consider
182027246668,Consider
632179017456,Consider
998595557603,Consider
596442655466,Consider
501657108921,Consider
920913437176,Consider
389680470902,Consider
895252060951,Consider
727587776064,Consider
189097163047,Consider
927546782932,Consider
191937928556,Consider
85412016019,Consider
127140695082,Consider
156703332457,Consider
1412138035,Consider
789707831041,Consider
756878199894,Consider
848154089446,Consider
602382432584,Consider
772443085325,Consider
66880215306,Consider
45260225952,Consider
697371640285,Consider
571296579522,Consider
826245565384,Consider
756655977103,Consider
470896649973,Consider
314328353686,Consider
167845340092,Consider
238997767999,Consider
553284254353,Consider
226688081587,Consider
404062189068,Consider
879708788175,Consider
972795901233,Consider
980559574590,Consider
66388477906,Consider
663514628066,Consider
910178784098,Consider
511296665384,Consider
344817117417,Consider
86447367389,Consider
957456019630,Consider
630713340848,Consider
943779131497,Consider
167129482987,Consider
626713887185,Consider
882749341602,Consider
868452634976,Consider
897530697696,Consider
54839750352,Consider
607239948884,Consider
808587746539,Consider
74024550008,Consider
206608957720,Consider
104276395266,Consider
596562806935,Consider
954453658832,Consider
391215083264,Consider
124651338938,Consider
682206918728,Consider
598045832497,Consider
576282559585,Consider
651141759277,Consider
688994997708,Consider
62406014829,Consider
808596493631,Consider
80888957532,Consider
894540919724,Consider
855441305547,Consider
32229565526,Consider
470893943400,Consider
912885342715,Consider
169960172509,Consider
732440977888,Consider
466653241621,Consider
946894953122,Consider
464818451256,Consider
127668533324,Consider
898219219964,Consider
726159646006,Consider
898868764974,Consider
82129285158,Consider
798475667608,Consider
649095495765,Consider
972602110160,Consider
517990094116,Consider
775177966630,Consider
707530762856,Consider
487253177433,Consider
868764477468,Consider
251314788970,Consider
487872725765,Consider
592274274652,Consider
34537936355,Consider
77605636548,Consider
915023992145,Consider
259464762298,Consider
374818211895,Consider
416457421768,Consider
433536355306,Consider
995676723818,Consider
506253674573,Consider
598459517008,Consider
5061336479,Consider
985899316977,Consider
60156795648,Consider
860506304911,Consider
641976353889,Consider
144657954160,Consider
98716597828,Consider
488892486141,Consider
194136207018,Consider
746046712874,Consider
588977623398,Consider
911235312488,Consider
759019440499,Consider
401345551504,Consider
190109803061,Consider
707835144849,Consider
395109736442,Consider
158056450193,Consider
622187652954,Consider
346093731313,Consider
784172897413,Consider
405325421307,Consider
53643656114,Consider
680867466455,Consider
110159852339,Consider
88100647046,Consider
269754908586,Consider
909140628835,Consider
700786859795,Consider
456008836403,Consider
865968331486,Consider
719161259297,Consider
912414445813,Consider
202815691983,Consider
347564541452,Consider
832190697912,Consider
329666179327,Consider
388468801351,Consider
811106023396,Consider
999274651824,Consider
598299929143,Consider
978103628851,Consider
833310339547,Consider
785952730238,Consider
113163336381,Consider
181027027709,Consider
299434720806,Consider
154579858150,Consider
342636331048,Consider
27574748946,Consider
165953328399,Consider
936942037886,Consider
786783610739,Consider
782872430797,Consider
571254310330,Consider
779105604990,Consider
438510201021,Consider
863912586055,Consider
283278332585,Consider
35948071607,Consider
145333620303,Consider
899992717939,Consider
204466534605,Consider
394575261881,Consider
453956657550,Consider
456442394463,Consider
542080087131,Consider
713838443584,Consider
360644564454,Consider
727700269331,Consider
295899950015,Consider
681422018340,Consider
887481680340,Consider
198184581169,Consider
915509835920,Consider
410480625650,Consider
557901527360,Consider
868033427034,Consider
335811165506,Consider
24562410642,Consider
654456152711,Consider
145674269282,Consider
112114028538,Consider
612562523191,Consider
607609768126,Consider
920314534799,Consider
45093558507,Consider
674709385413,Consider
986412448802,Consider
644828143450,Consider
511096000511,Consider
326093367131,Consider
340229837370,Consider
483145941073,Consider
694724846564,Consider
76006135650,Consider
575275436844,May Consider
706139970339,May Consider
58332002504,May Consider
959365848540,May Consider
640511962823,May Consider
556125404775,May Consider
676984569149,May Consider
160762052846,May Consider
44558596281,May Consider
742485967398,May Consider
517673141446,May Consider
42161109620,May Consider
128561759609,May Consider
579561751086,May Consider
347972910387,May Consider
662071844548,May Consider
79556710206,May Consider
532821286258,May Consider
722063876414,May Consider
456977493268,May Consider
384667923876,May Consider
600472358414,May Consider
410962058745,May Consider
745099436703,May Consider
798566568507,May Consider
525048836143,May Consider
719008907953,May Consider
108064597901,May Consider
924923481134,May Consider
303143778264,May Consider
360111243833,May Consider
507807374862,May Consider
197166569489,May Consider
841341765806,May Consider
954919409112,May Consider
204043696228,May Consider
384671717360,May Consider
892536301767,May Consider
754076907148,May Consider
151913589436,May Consider
747586722434,May Consider
599200762312,May Consider
892869729072,May Consider
579895818763,May Consider
616808014062,May Consider
68814378086,May Consider
339049050045,May Consider
874856186936,May Consider
485200229425,May Consider
411527507530,May Consider
708296314863,May Consider
734098836435,May Consider
661969050622,May Consider
581283333381,May Consider
290745163604,May Consider
783547946133,May Consider
164167962634,May Consider
178995458106,May Consider
957169467950,May Consider
506694582344,May Consider
797640230039,May Consider
100014541424,May Consider
94892865662,May Consider
380701635544,May Consider
314266888749,May Consider
537999222731,May Consider
361169629046,May Consider
574067577961,May Consider
123213052159,May Consider
393439472178,May Consider
835732642190,May Consider
424507287289,May Consider
280933942995,May Consider
577463903632,May Consider
104399351797,May Consider
186216321870,May Consider
388023253269,May Consider
50194404376,May Consider
912071766159,May Consider
212442774697,May Consider
580556396974,May Consider
687795445132,May Consider
286162099932,May Consider
822298430685,May Consider
19401279664,May Consider
233496861698,May Consider
450420813418,May Consider
589999044773,May Consider
153040185534,May Consider
655253363668,May Consider
424339199871,May Consider
690231193737,May Consider
557766070540,May Consider
206334955080,May Consider
934743885970,May Consider
235101062326,May Consider
343687140027,May Consider
365027162880,May Consider
153896165332,May Consider
246128302171,May Consider
955793814679,May Consider
615751085647,May Consider
822353910039,May Consider
19005809423,May Consider
696412719823,May Consider
726297502675,May Consider
515049778115,May Consider
159354395992,May Consider
448692320990,May Consider
774501004543,May Consider
165484156540,May Consider
494458642843,May Consider
890335226702,May Consider
682563597252,May Consider
475626925504,May Consider
398978539902,May Consider
952612853650,May Consider
428369736281,May Consider
508067314108,May Consider
811889092419,May Consider
401767833223,May Consider
420517829037,May Consider
582146585931,May Consider
367407727556,May Consider
198230347576,May Consider
747425428963,May Consider
577253299554,May Consider
614427604101,May Consider
723644819459,May Consider
140749180175,May Consider
884156447629,May Consider
256982083869,May Consider
56523296176,May Consider
529492362314,May Consider
539197143341,May Consider
712524258493,May Consider
224412999023,May Consider
3556297150,May Consider
526354710003,May Consider
55312410544,May Consider
763784651800,May Consider
854124631363,May Consider
838648067900,May Consider
588950737719,May Consider
978419840554,May Consider
113151901960,May Consider
653029349663,May Consider
875141960484,May Consider
2894859462,May Consider
675361416349,May Consider
891871163442,May Consider
34966906632,May Consider
149829317712,May Consider
653539328147,May Consider
519344991046,May Consider
534513153333,May Consider
47888386623,May Consider
91545304515,May Consider
152432741814,May Consider
468433288703,May Consider
762096897018,May Consider
539342857864,May Consider
954009581642,May Consider
563020916656,May Consider
428845085662,May Consider
280484805350,May Consider
319380855027,May Consider
734650333196,May Consider
935034912633,May Consider
194872854359,May Consider
567851510923,May Consider
59933521427,May Consider
824137222832,May Consider
338242398280,May Consider
707351887645,May Consider
440706238248,May Consider
921499357449,May Consider
324706986041,May Consider
352838560877,May Consider
79962454809,May Consider
137064024431,May Consider
509829321423,May Consider
48134821402,May Consider
124114233931,May Consider
525729734471,May Consider
789068842024,May Consider
566070258579,May Consider
472462459658,May Consider
963904417505,May Consider
550088313733,May Consider
243224297314,May Consider
806520605621,May Consider
735372781767,May Consider
947285153335,May Consider
43274340684,May Consider
349842933541,May Consider
910419748773,May Consider
203045601135,May Consider
836893440358,May Consider
733264816217,May Consider
649221633043,May Consider
82602897330,May Consider
336339041843,May Consider
610972092391,May Consider
463837211232,May Consider
38013406008,May Consider
229318324492,May Consider
349573029916,May Consider
32701592181,May Consider
771647447363,May Consider
319412252213,May Consider
195355039425,May Consider
377345546083,May Consider
130724173761,May Consider
899284633297,May Consider
814165941585,May Consider
83133584604,May Consider
311803201692,May Consider
158098712146,May Consider
993866898581,May Consider
774134323115,May Consider
327777743727,May Consider
156008312064,May Consider
601062743423,May Consider
236806948112,May Consider
569797667433,May Consider
786286728829,May Consider
591822577783,May Consider
428007867994,May Consider
82682859248,May Consider
189601072089,May Consider
990361752989,May Consider
99892231152,May Consider
864770664484,May Consider
285135515904,May Consider
270163941310,May Consider
927604923550,May Consider
101774028150,May Consider
439712326919,May Consider
498779705643,May Consider
835225921940,May Consider
749109215463,May Consider
808754335364,May Consider
940546247154,May Consider
681255955410,May Consider
288285314717,May Consider
551878488370,May Consider
550730347238,May Consider
586997664664,May Consider
800330345386,May Consider
951104878027,May Consider
940104442375,May Consider
969508540865,May Consider
722861858306,May Consider
441111194623,May Consider
940723950121,May Consider
775371878697,May Consider
787292006921,May Consider
698658024628,May Consider
861681045674,May Consider
502352579967,May Consider
668790930683,May Consider
232255375850,May Consider
887868827881,May Consider
343074433926,May Consider
824014168709,May Consider
363336237585,May Consider
845296679586,May Consider
188176550048,May Consider
840233200550,May Consider
96648752027,May Consider
733256211125,May Consider
285976141678,May Consider
374390856270,May Consider
140272822312,May Consider
6644527033,May Consider
71485864654,May Consider
421735950313,May Consider
254613750367,May Consider
581009552262,May Consider
49703840984,May Consider
221074728505,May Consider
184919330505,May Consider
928389960885,May Consider
646414714551,May Consider
577309144496,May Consider
663313265637,May Consider
433779837650,May Consider
624310847117,May Consider
761815001650,May Consider
354032485823,May Consider
390056584035,May Consider
3062623165,May Consider
437345774496,May Consider
159501362564,May Consider
623467654715,May Consider
419037445301,May Consider
246530549577,May Consider
5071494617,May Consider
762280025483,May Consider
513687012143,May Consider
801667803773,May Consider
76700291442,May Consider
587953927665,May Consider
249193189071,May Consider
818398865640,May Consider
498537636218,May Consider
741210454269,May Consider
15782778432,May Consider
46978594256,May Consider
606335027901,May Consider
294619808640,May Consider
17191857534,May Consider
472242513779,May Consider
297786496238,May Consider
348845566527,May Consider
699080677767,May Consider
977003637269,May Consider
422356536590,May Consider
861437690077,May Consider
919770704360,May Consider
293494148973,May Consider
810845087588,May Consider
375074761636,May Consider
153495061464,May Consider
603600238775,May Consider
338885200685,May Consider
176414145505,May Consider
263424770804,May Consider
591021414381,May Consider
368764319507,May Consider
687216091375,May Consider
285052709256,May Consider
97117885393,May Consider
20405237027,May Consider
566166101449,May Consider
220088022230,May Consider
787093011322,May Consider
985038381322,May Consider
82827107827,May Consider
56833968176,May Consider
394290261361,May Consider
14041948555,May Consider
814411666052,May Consider
105092192206,May Consider
177766988667,May Consider
790622432544,May Consider
611570963004,May Consider
261957202619,May Consider
201940277814,May Consider
623452536988,May Consider
81156745729,May Consider
9434728569,May Consider
926982778756,May Consider
289079532716,May Consider
541918744343,May Consider
785638026341,May Consider
384779330426,May Consider
393862007062,May Consider
523358659412,May Consider
868387030996,May Consider
907638033878,May Consider
826388239886,May Consider
398469734328,May Consider
63354433312,May Consider
975582049930,May Consider
227775309934,May Consider
667848067939,May Consider
298474456430,May Consider
252931589248,May Consider
919942205987,May Consider
745670436848,May Consider
692149216202,May Consider
296017798808,May Consider
400897085711,May Consider
837290510121,May Consider
784858827423,May Consider
731253807679,May Consider
341272713721,May Consider
643713753051,May Consider
402100781976,May Consider
926420156317,May Consider
997790100564,May Consider
179968602262,May Consider
51155374229,May Consider
307905505250,May Consider
97025893006,May Consider
952399722996,May Consider
844993671422,May Consider
512775607901,May Consider
536803671319,May Consider
104166572649,May Consider
693714778643,May Consider
506926750390,May Consider
702725300804,May Consider
908738880611,May Consider
907220108144,May Consider
649212733293,May Consider
803803433762,May Consider
167937703499,May Consider
412401825748,May Consider
436316802749,May Consider
393851565151,May Consider
654079392370,May Consider
503943652899,May Consider
324273280728,May Consider
164233665598,May Consider
725036657345,May Consider
419902054270,May Consider
589926357626,May Consider
168770172086,May Consider
636539675392,May Consider
61556415441,May Consider
669245877677,May Consider
873043229715,May Consider
877797401928,May Consider
861587203892,May Consider
789303459156,May Consider
808038477886,May Consider
64527121503,May Consider
145460832717,May Consider
996844398830,May Consider
152006698880,May Consider
537738330577,May Consider
327971289815,May Consider
878774315106,May Consider
264623613914,May Consider
837124704909,May Consider
940207607131,May Consider
368511555458,May Consider
53971615767,May Consider
644675552926,May Consider
791788050763,May Consider
37040026297,May Consider
69562120624,May Consider
627126450203,May Consider
539020642354,May Consider
178629183000,May Consider
383563382366,May Consider
845125826287,May Consider
551721339955,May Consider
818570992481,May Consider
647592732142,May Consider
42503054048,May Consider
249740577860,May Consider
493916841544,May Consider
193878844451,May Consider
180780244094,May Consider
14819540502,May Consider
288079612832,May Consider
687293662063,May Consider
42078957665,May Consider
374217990619,May Consider
136299259806,May Consider
628699968298,May Consider
587829950558,May Consider
399625373601,May Consider
861353080115,May Consider
960255357414,May Consider
31202155998,May Consider
168187574557,May Consider
747524512958,May Consider
129758667862,May Consider
257925303435,Not Consider
692052143733,Not Consider
715727177269,Not Consider
233820406680,Not Consider
313187765001,Not Consider
938654403482,Not Consider
323813844891,Not Consider
278584246685,Not Consider
161549403873,Not Consider
436038064887,Not Consider
883482465689,Not Consider
171921263369,Not Consider
822316953337,Not Consider
485823819031,Not Consider
958824585676,Not Consider
792464669185,Not Consider
284587422667,Not Consider
191009436370,Not Consider
391444094319,Not Consider
368547672195,Not Consider
314172177929,Not Consider
346605982294,Not Consider
783207097159,Not Consider
444052611523,Not Consider
378873215608,Not Consider
738184215360,Not Consider
60066447468,Not Consider
908374541299,Not Consider
439090113607,Not Consider
546726265604,Not Consider
339037458225,Not Consider
924148125081,Not Consider
277494023950,Not Consider
367747313541,Not Consider
825283942435,Not Consider
99081782508,Not Consider
374513611190,Not Consider
818473052110,Not Consider
877406681110,Not Consider
917188438079,Not Consider
75634670711,Not Consider
828928442294,Not Consider
696409127780,Not Consider
269897317540,Not Consider
942023649530,Not Consider
491113754566,Not Consider
317448058533,Not Consider
908976929530,Not Consider
727742831162,Not Consider
775014362762,Not Consider
713359505096,Not Consider
780894421989,Not Consider
384832861746,Not Consider
511010807219,Not Consider
855083634189,Not Consider
496181763785,Not Consider
861796095298,Not Consider
785326223695,Not Consider
516494098463,Not Consider
637574746531,Not Consider
231521727832,Not Consider
298468330457,Not Consider
459771314425,Not Consider
217135959131,Not Consider
861452437913,Not Consider
296193567738,Not Consider
392341157178,Not Consider
355268194663,Not Consider
921798544483,Not Consider
398341259356,Not Consider
747533501881,Not Consider
173470041769,Not Consider
516865253652,Not Consider
22956203146,Not Consider
908498306519,Not Consider
967881033665,Not Consider
120064793306,Not Consider
131437792259,Not Consider
968548955183,Not Consider
962108350843,Not Consider
794944192672,Not Consider
705025096908,Not Consider
500986256459,Not Consider
325523336121,Not Consider
892566712790,Not Consider
703746510936,Not Consider
97588658605,Not Consider
687160391713,Not Consider
529842887250,Not Consider
256033687434,Not Consider
627337316047,Not Consider
75547031851,Not Consider
173914777164,Not Consider
480519602140,Not Consider